{
  "iris": {
    "KNN": {
      "accuracy": 0.9466666666666668,
      "accuracy_std": 0.03810317377662721,
      "f1_macro": 0.9462459251312392,
      "f1_macro_std": 0.034948127934212654,
      "precision_macro": 0.949192628359295,
      "recall_macro": 0.9478055894722562,
      "train_time": 0.0005654066665253291,
      "train_time_std": 0.00010438817855566462
    },
    "Naive Bayes": {
      "accuracy": 0.9511111111111111,
      "accuracy_std": 0.03823255674241167,
      "f1_macro": 0.9499673128488132,
      "f1_macro_std": 0.04113044010948585,
      "precision_macro": 0.95077289087093,
      "recall_macro": 0.9520816837483503,
      "train_time": 0.00013098666483225921,
      "train_time_std": 0.00011796919761766286
    },
    "C4.5": {
      "accuracy": 0.948888888888889,
      "accuracy_std": 0.03624334762288908,
      "f1_macro": 0.9482628844079016,
      "f1_macro_std": 0.03593074297154776,
      "precision_macro": 0.9501163959497293,
      "recall_macro": 0.9505812089145422,
      "train_time": 0.010669513335839535,
      "train_time_std": 0.001660400632253796
    },
    "SVM": {
      "accuracy": 0.8844444444444446,
      "accuracy_std": 0.09650689222492652,
      "f1_macro": 0.8767290989544354,
      "f1_macro_std": 0.0900327908545347,
      "precision_macro": 0.9177771302771304,
      "recall_macro": 0.8877072310405644,
      "train_time": 0.008331426661849642,
      "train_time_std": 0.0014271179466149601
    },
    "K-Means": {
      "accuracy": 0.4601286784318213,
      "accuracy_std": 0.0016630901418295384,
      "f1_macro": 0.4601286784318213,
      "note": "silhouette (k-means++)"
    },
    "MLP": {
      "accuracy": 0.9400000000000001,
      "accuracy_std": 0.038873012632301994,
      "f1_macro": 0.9385954558590025,
      "f1_macro_std": 0.03716519097821066,
      "precision_macro": 0.9411056536056535,
      "recall_macro": 0.9420111370111371,
      "train_time": 0.13202270000086477,
      "train_time_std": 0.00823372766857778
    }
  },
  "wine": {
    "KNN": {
      "accuracy": 0.9586243386243385,
      "accuracy_std": 0.02919925533050067,
      "f1_macro": 0.9595422116768811,
      "f1_macro_std": 0.030695504820754747,
      "precision_macro": 0.9599010557343889,
      "recall_macro": 0.9654092675661303,
      "train_time": 0.0007992866720693807,
      "train_time_std": 0.00048380694145175725
    },
    "Naive Bayes": {
      "accuracy": 0.9794179894179893,
      "accuracy_std": 0.025971453384793616,
      "f1_macro": 0.9806827077278053,
      "f1_macro_std": 0.024845397833313076,
      "precision_macro": 0.9821756330089664,
      "recall_macro": 0.9806426906426907,
      "train_time": 9.543333241405587e-05,
      "train_time_std": 6.9005975523424555e-06
    },
    "C4.5": {
      "accuracy": 0.898941798941799,
      "accuracy_std": 0.059287833247065325,
      "f1_macro": 0.8963334442788153,
      "f1_macro_std": 0.06280009402817573,
      "precision_macro": 0.9023096202998164,
      "recall_macro": 0.9046461236657316,
      "train_time": 0.10142542666678006,
      "train_time_std": 0.01956563941563437
    },
    "SVM": {
      "accuracy": 0.6395767195767196,
      "accuracy_std": 0.131998822519144,
      "f1_macro": 0.5394294898485671,
      "f1_macro_std": 0.1661441764154304,
      "precision_macro": 0.6163373520529197,
      "recall_macro": 0.6041813959461018,
      "train_time": 0.01101632000451597,
      "train_time_std": 0.0012992273396570519
    },
    "K-Means": {
      "accuracy": 0.28477139256258976,
      "accuracy_std": 0.00017505325461779632,
      "f1_macro": 0.28477139256258976,
      "note": "silhouette (k-means++)"
    },
    "MLP": {
      "accuracy": 0.9623809523809523,
      "accuracy_std": 0.032210621624871726,
      "f1_macro": 0.9604097194829272,
      "f1_macro_std": 0.033428610784703314,
      "precision_macro": 0.9628808342404833,
      "recall_macro": 0.9626102546690782,
      "train_time": 0.16903938666606944,
      "train_time_std": 0.005023029715812845
    }
  },
  "breast_cancer": {
    "KNN": {
      "accuracy": 0.9630492159602546,
      "accuracy_std": 0.019946139431950494,
      "f1_macro": 0.9602596696187901,
      "f1_macro_std": 0.02064485389386203,
      "precision_macro": 0.9669204236553862,
      "recall_macro": 0.955693813599751,
      "train_time": 0.01048185999582832,
      "train_time_std": 0.0030774960870431248
    },
    "Naive Bayes": {
      "accuracy": 0.9337628732598459,
      "accuracy_std": 0.027103614969544283,
      "f1_macro": 0.9287671624698672,
      "f1_macro_std": 0.028194730024529123,
      "precision_macro": 0.9312066301695404,
      "recall_macro": 0.927512604601261,
      "train_time": 0.00015298000265223283,
      "train_time_std": 3.786036594306337e-05
    },
    "C4.5": {
      "accuracy": 0.9197122600010349,
      "accuracy_std": 0.028394176803789983,
      "f1_macro": 0.91239475106309,
      "f1_macro_std": 0.03010989710649076,
      "precision_macro": 0.9230912763998554,
      "recall_macro": 0.9077420211119659,
      "train_time": 2.2642182733359126,
      "train_time_std": 0.17032934332475877
    },
    "SVM": {
      "accuracy": 0.8576515033897428,
      "accuracy_std": 0.11300077926099808,
      "f1_macro": 0.8469160361490026,
      "f1_macro_std": 0.11837487388708239,
      "precision_macro": 0.8834693909352503,
      "recall_macro": 0.8605278138893026,
      "train_time": 0.07737567999477808,
      "train_time_std": 0.003650957688395383
    },
    "K-Means": {
      "accuracy": 0.3440189464558432,
      "accuracy_std": 0.0007798021203488764,
      "f1_macro": 0.3440189464558432,
      "note": "silhouette (k-means++)"
    },
    "MLP": {
      "accuracy": 0.973032137866791,
      "accuracy_std": 0.01743241794630391,
      "f1_macro": 0.971245553665896,
      "f1_macro_std": 0.01800312047794761,
      "precision_macro": 0.9720039430805391,
      "recall_macro": 0.9713547583334645,
      "train_time": 0.444477700003578,
      "train_time_std": 0.010924965880529845
    }
  },
  "diabetes": {
    "KNN": {
      "accuracy": 0.731327278386102,
      "accuracy_std": 0.037589479005282346,
      "f1_macro": 0.6900381785129357,
      "f1_macro_std": 0.04041617503166642,
      "precision_macro": 0.7029918637916908,
      "recall_macro": 0.6852000141857046,
      "train_time": 0.009075506662096207,
      "train_time_std": 0.000520072299187938
    },
    "Naive Bayes": {
      "accuracy": 0.7573380867498514,
      "accuracy_std": 0.03255868660058246,
      "f1_macro": 0.7247876519036062,
      "f1_macro_std": 0.03775348822138212,
      "precision_macro": 0.7344546627783607,
      "recall_macro": 0.7218784556813785,
      "train_time": 0.00011519999825395643,
      "train_time_std": 2.2936605833515037e-05
    },
    "C4.5": {
      "accuracy": 0.7169453640041874,
      "accuracy_std": 0.05028833664460626,
      "f1_macro": 0.6109433296882956,
      "f1_macro_std": 0.08581267088692018,
      "precision_macro": 0.7101132208500203,
      "recall_macro": 0.6227202677506679,
      "train_time": 0.3513607733359095,
      "train_time_std": 0.022441983667646975
    },
    "SVM": {
      "accuracy": 0.6779390544096426,
      "accuracy_std": 0.04475621845457087,
      "f1_macro": 0.6576290860149997,
      "f1_macro_std": 0.03791667957043072,
      "precision_macro": 0.6937712514869229,
      "recall_macro": 0.6901093435628958,
      "train_time": 0.13795547333041516,
      "train_time_std": 0.005268882126510686
    },
    "K-Means": {
      "accuracy": 0.1879400275402134,
      "accuracy_std": 0.007830453159857101,
      "f1_macro": 0.1879400275402134,
      "note": "silhouette (k-means++)"
    },
    "MLP": {
      "accuracy": 0.7074781427722603,
      "accuracy_std": 0.03272878952135635,
      "f1_macro": 0.6741511017130773,